time,weather_code,temperature_2m_max,temperature_2m_min,apparent_temperature_max,apparent_temperature_min,precipitation_sum,rain_sum,snowfall_sum,precipitation_hours,sunrise,sunset,sunshine_duration,daylight_duration,wind_speed_10m_max,wind_gusts_10m_max,wind_direction_10m_dominant,shortwave_radiation_sum,et0_fao_evapotranspiration,latitude,longitude,elevation,timezone
2024-01-01,53,13.0,8.0,11.5,6.1,2.2,2.2,0.0,11.0,2024-01-01T08:36,2024-01-01T17:47,15717.9,33089.08,12.6,27.7,142,4.67,0.71,41.862915,12.801161,292.0,Europe/Rome
2024-01-02,51,13.3,4.2,12.0,1.6,0.7,0.7,0.0,3.0,2024-01-02T08:36,2024-01-02T17:48,28849.42,33135.12,9.2,20.2,129,7.87,1.0,41.862915,12.801161,292.0,Europe/Rome
2024-01-03,51,14.7,7.6,13.2,5.8,0.7,0.7,0.0,5.0,2024-01-03T08:36,2024-01-03T17:49,16976.23,33185.05,11.4,26.3,135,4.93,0.81,41.862915,12.801161,292.0,Europe/Rome
2024-01-04,3,15.6,7.0,14.5,4.5,0.0,0.0,0.0,0.0,2024-01-04T08:36,2024-01-04T17:50,29268.86,33238.75,10.6,20.9,120,8.24,1.14,41.862915,12.801161,292.0,Europe/Rome
2024-01-05,63,14.1,7.3,11.5,4.6,7.6,7.6,0.0,7.0,2024-01-05T08:36,2024-01-05T17:51,7200.0,33296.14,21.9,46.1,126,4.05,0.79,41.862915,12.801161,292.0,Europe/Rome
2024-01-06,63,13.6,8.1,11.2,6.6,15.1,15.1,0.0,14.0,2024-01-06T08:36,2024-01-06T17:52,4457.76,33357.13,19.9,42.5,124,2.75,0.58,41.862915,12.801161,292.0,Europe/Rome
2024-01-07,61,11.2,7.2,10.1,6.0,9.3,9.3,0.0,15.0,2024-01-07T08:36,2024-01-07T17:53,4640.82,33421.62,6.6,20.5,133,2.95,0.47,41.862915,12.801161,292.0,Europe/Rome
2024-01-08,51,12.5,5.2,10.6,2.7,0.1,0.1,0.0,1.0,2024-01-08T08:36,2024-01-08T17:54,28525.57,33489.53,8.4,16.9,82,7.45,0.96,41.862915,12.801161,292.0,Europe/Rome
2024-01-09,3,11.7,3.4,9.9,0.5,0.0,0.0,0.0,0.0,2024-01-09T08:36,2024-01-09T17:55,28996.62,33560.76,6.9,15.5,101,6.2,0.81,41.862915,12.801161,292.0,Europe/Rome
2024-01-10,3,11.5,3.5,9.4,0.9,0.0,0.0,0.0,0.0,2024-01-10T08:35,2024-01-10T17:56,17481.88,33635.21,8.6,18.4,115,6.38,0.9,41.862915,12.801161,292.0,Europe/Rome
2024-01-11,51,11.9,3.7,10.1,0.8,0.2,0.2,0.0,2.0,2024-01-11T08:35,2024-01-11T17:57,26537.92,33712.79,9.2,19.8,107,6.82,0.98,41.862915,12.801161,292.0,Europe/Rome
2024-01-12,2,11.1,0.7,8.9,-2.7,0.0,0.0,0.0,0.0,2024-01-12T08:35,2024-01-12T17:58,30025.37,33793.41,8.4,16.9,111,9.0,1.07,41.862915,12.801161,292.0,Europe/Rome
2024-01-13,2,9.8,-0.6,7.6,-3.8,0.0,0.0,0.0,0.0,2024-01-13T08:34,2024-01-13T17:59,30118.61,33877.1,8.4,20.2,131,8.6,1.0,41.862915,12.801161,292.0,Europe/Rome
2024-01-14,51,11.7,1.6,9.2,-2.0,1.1,1.1,0.0,8.0,2024-01-14T08:34,2024-01-14T18:00,22692.21,33964.79,14.0,26.3,138,6.87,1.03,41.862915,12.801161,292.0,Europe/Rome
2024-01-15,53,12.1,5.8,11.7,3.7,3.7,3.7,0.0,15.0,2024-01-15T08:34,2024-01-15T18:01,6475.04,34056.53,12.0,25.2,123,2.98,0.46,41.862915,12.801161,292.0,Europe/Rome
2024-01-16,51,14.6,4.4,12.9,1.5,0.2,0.2,0.0,1.0,2024-01-16T08:33,2024-01-16T18:02,29910.13,34152.15,11.9,27.7,127,8.24,1.05,41.862915,12.801161,292.0,Europe/Rome
2024-01-17,61,15.1,7.2,13.2,5.1,5.7,5.7,0.0,10.0,2024-01-17T08:33,2024-01-17T18:04,1354.5,34251.45,17.6,40.3,123,3.09,0.57,41.862915,12.801161,292.0,Europe/Rome
2024-01-18,63,16.0,9.5,13.0,7.8,10.6,10.6,0.0,17.0,2024-01-18T08:32,2024-01-18T18:05,26732.96,34354.23,25.0,59.0,190,7.37,1.1,41.862915,12.801161,292.0,Europe/Rome
2024-01-19,53,15.5,9.4,14.3,8.3,3.1,3.1,0.0,15.0,2024-01-19T08:32,2024-01-19T18:06,18299.26,34460.34,17.8,36.4,181,5.85,0.94,41.862915,12.801161,292.0,Europe/Rome
2024-01-20,55,10.6,-0.2,9.4,-4.2,3.2,3.2,0.0,7.0,2024-01-20T08:31,2024-01-20T18:07,20227.93,34569.56,9.4,24.5,105,6.99,1.06,41.862915,12.801161,292.0,Europe/Rome
2024-01-21,3,10.3,-2.8,7.1,-6.7,0.0,0.0,0.0,0.0,2024-01-21T08:30,2024-01-21T18:08,31010.57,34681.74,10.5,22.3,118,10.29,1.28,41.862915,12.801161,292.0,Europe/Rome
2024-01-22,3,11.5,-0.5,9.4,-4.4,0.0,0.0,0.0,0.0,2024-01-22T08:30,2024-01-22T18:10,31137.17,34796.69,9.0,19.1,139,10.12,1.33,41.862915,12.801161,292.0,Europe/Rome
2024-01-23,51,13.5,2.2,10.7,-0.5,0.1,0.1,0.0,1.0,2024-01-23T08:29,2024-01-23T18:11,26271.73,34914.23,15.3,33.5,85,8.76,1.26,41.862915,12.801161,292.0,Europe/Rome
2024-01-24,3,13.3,2.5,11.4,-0.4,0.0,0.0,0.0,0.0,2024-01-24T08:28,2024-01-24T18:12,30954.45,35034.2,8.7,20.5,161,9.6,1.27,41.862915,12.801161,292.0,Europe/Rome
2024-01-25,3,13.4,5.3,12.1,3.7,0.0,0.0,0.0,0.0,2024-01-25T08:27,2024-01-25T18:13,29653.71,35156.42,8.7,19.4,156,8.41,1.12,41.862915,12.801161,292.0,Europe/Rome
2024-01-26,3,13.9,5.4,13.3,3.7,0.0,0.0,0.0,0.0,2024-01-26T08:27,2024-01-26T18:15,30550.19,35280.73,8.6,16.9,121,7.14,1.0,41.862915,12.801161,292.0,Europe/Rome
2024-01-27,3,14.2,4.0,13.8,1.5,0.0,0.0,0.0,0.0,2024-01-27T08:26,2024-01-27T18:16,31597.17,35406.96,9.3,17.6,123,9.67,1.27,41.862915,12.801161,292.0,Europe/Rome
2024-01-28,2,13.1,3.7,10.1,1.2,0.0,0.0,0.0,0.0,2024-01-28T08:25,2024-01-28T18:17,31679.57,35534.96,13.0,28.8,114,10.31,1.34,41.862915,12.801161,292.0,Europe/Rome
2024-01-29,0,12.7,-0.1,11.0,-3.7,0.0,0.0,0.0,0.0,2024-01-29T08:24,2024-01-29T18:19,31768.03,35664.55,9.1,18.7,113,10.78,1.38,41.862915,12.801161,292.0,Europe/Rome
2024-01-30,1,12.2,0.1,10.1,-3.5,0.0,0.0,0.0,0.0,2024-01-30T08:23,2024-01-30T18:20,31886.79,35795.6,9.1,16.9,125,10.93,1.4,41.862915,12.801161,292.0,Europe/Rome
2024-01-31,3,11.6,2.1,9.3,-0.9,0.0,0.0,0.0,0.0,2024-01-31T08:22,2024-01-31T18:21,31970.57,35927.95,7.3,18.7,164,10.51,1.33,41.862915,12.801161,292.0,Europe/Rome
2024-02-01,3,11.7,2.0,9.2,-0.8,0.0,0.0,0.0,0.0,2024-02-01T08:21,2024-02-01T18:22,30935.19,36061.45,7.9,18.7,176,11.11,1.43,41.862915,12.801161,292.0,Europe/Rome
2024-02-02,1,14.8,0.7,12.6,-2.3,0.0,0.0,0.0,0.0,2024-02-02T08:20,2024-02-02T18:24,32188.66,36196.12,8.9,19.8,145,11.33,1.56,41.862915,12.801161,292.0,Europe/Rome
2024-02-03,1,14.8,2.0,12.2,-1.0,0.0,0.0,0.0,0.0,2024-02-03T08:19,2024-02-03T18:25,32334.39,36333.3,9.0,21.2,191,11.38,1.6,41.862915,12.801161,292.0,Europe/Rome
2024-02-04,2,14.7,4.6,13.4,1.9,0.0,0.0,0.0,0.0,2024-02-04T08:18,2024-02-04T18:26,32489.71,36473.15,8.0,19.4,191,11.21,1.54,41.862915,12.801161,292.0,Europe/Rome
2024-02-05,51,14.0,5.2,12.5,2.8,0.2,0.2,0.0,2.0,2024-02-05T08:17,2024-02-05T18:27,11083.21,36615.48,8.9,18.4,145,5.3,0.9,41.862915,12.801161,292.0,Europe/Rome
2024-02-06,3,16.1,4.6,14.6,2.1,0.0,0.0,0.0,0.0,2024-02-06T08:16,2024-02-06T18:29,32583.2,36760.1,8.5,16.9,143,11.04,1.57,41.862915,12.801161,292.0,Europe/Rome
2024-02-07,3,15.6,6.4,13.5,3.9,0.0,0.0,0.0,0.0,2024-02-07T08:15,2024-02-07T18:30,25200.0,36906.82,10.7,24.8,142,10.01,1.52,41.862915,12.801161,292.0,Europe/Rome
2024-02-08,3,14.9,7.3,12.9,5.6,0.0,0.0,0.0,0.0,2024-02-08T08:14,2024-02-08T18:31,32400.0,37055.5,12.0,27.0,150,9.64,1.42,41.862915,12.801161,292.0,Europe/Rome
2024-02-09,51,15.6,6.6,11.8,3.3,0.3,0.3,0.0,2.0,2024-02-09T08:12,2024-02-09T18:33,23134.55,37205.92,25.9,53.3,130,7.9,1.68,41.862915,12.801161,292.0,Europe/Rome
2024-02-10,63,13.0,10.5,9.6,6.6,26.3,26.3,0.0,17.0,2024-02-10T08:11,2024-02-10T18:34,0.0,37357.94,23.4,49.3,129,2.29,0.88,41.862915,12.801161,292.0,Europe/Rome
2024-02-11,63,12.2,6.9,9.6,4.5,24.9,24.9,0.0,20.0,2024-02-11T08:10,2024-02-11T18:35,12911.29,37511.39,16.9,36.0,175,6.34,0.9,41.862915,12.801161,292.0,Europe/Rome
2024-02-12,51,13.6,3.7,10.8,1.7,0.1,0.1,0.0,1.0,2024-02-12T08:08,2024-02-12T18:36,32996.72,37666.09,14.0,29.9,12,11.76,1.56,41.862915,12.801161,292.0,Europe/Rome
2024-02-13,51,15.4,4.5,12.2,2.3,0.1,0.1,0.0,1.0,2024-02-13T08:07,2024-02-13T18:38,28899.38,37821.9,12.6,28.4,324,12.03,1.67,41.862915,12.801161,292.0,Europe/Rome
2024-02-14,0,15.1,2.3,12.0,0.0,0.0,0.0,0.0,0.0,2024-02-14T08:06,2024-02-14T18:39,34062.58,37978.66,12.4,28.1,223,13.43,1.9,41.862915,12.801161,292.0,Europe/Rome
2024-02-15,2,17.0,2.2,15.4,-1.0,0.0,0.0,0.0,0.0,2024-02-15T08:04,2024-02-15T18:40,34224.45,38136.21,7.7,15.1,130,13.49,1.96,41.862915,12.801161,292.0,Europe/Rome
2024-02-16,3,16.9,5.4,15.3,2.5,0.0,0.0,0.0,0.0,2024-02-16T08:03,2024-02-16T18:41,31205.08,38294.4,9.1,18.0,134,11.03,1.77,41.862915,12.801161,292.0,Europe/Rome
2024-02-17,3,17.1,5.1,15.6,2.4,0.0,0.0,0.0,0.0,2024-02-17T08:02,2024-02-17T18:43,34497.18,38453.09,7.6,18.0,167,13.73,2.09,41.862915,12.801161,292.0,Europe/Rome
2024-02-18,3,17.3,5.9,16.5,3.5,0.0,0.0,0.0,0.0,2024-02-18T08:00,2024-02-18T18:44,34681.43,38612.12,9.4,20.9,139,13.73,2.01,41.862915,12.801161,292.0,Europe/Rome
2024-02-19,51,15.2,5.4,14.4,2.8,0.1,0.1,0.0,1.0,2024-02-19T07:59,2024-02-19T18:45,23092.14,38771.36,11.1,24.5,146,9.1,1.36,41.862915,12.801161,292.0,Europe/Rome
2024-02-20,53,14.9,5.5,13.6,3.0,1.8,1.8,0.0,4.0,2024-02-20T07:58,2024-02-20T18:47,32187.91,38930.66,7.9,20.9,109,11.71,1.69,41.862915,12.801161,292.0,Europe/Rome
2024-02-21,3,15.9,3.8,13.6,0.6,0.0,0.0,0.0,0.0,2024-02-21T07:56,2024-02-21T18:48,35279.39,39089.89,10.8,23.4,131,14.14,2.09,41.862915,12.801161,292.0,Europe/Rome
2024-02-22,3,13.7,3.5,10.8,0.3,0.0,0.0,0.0,0.0,2024-02-22T07:55,2024-02-22T18:49,23998.76,39249.09,15.6,32.0,149,10.77,1.66,41.862915,12.801161,292.0,Europe/Rome
2024-02-23,63,13.1,9.1,9.4,5.6,16.3,16.3,0.0,14.0,2024-02-23T07:53,2024-02-23T18:50,99.0,39409.59,29.5,63.4,152,4.7,0.86,41.862915,12.801161,292.0,Europe/Rome
2024-02-24,51,12.9,5.0,10.4,3.1,1.4,1.4,0.0,7.0,2024-02-24T07:52,2024-02-24T18:51,34119.34,39571.6,12.9,30.2,157,12.5,1.71,41.862915,12.801161,292.0,Europe/Rome
2024-02-25,51,13.4,4.9,11.1,2.1,0.4,0.4,0.0,3.0,2024-02-25T07:50,2024-02-25T18:53,33690.69,39734.96,13.5,28.4,259,13.78,1.91,41.862915,12.801161,292.0,Europe/Rome
2024-02-26,53,12.9,3.8,8.9,0.6,0.9,0.9,0.0,3.0,2024-02-26T07:49,2024-02-26T18:54,13374.28,39899.54,22.2,46.4,128,7.45,1.63,41.862915,12.801161,292.0,Europe/Rome
2024-02-27,61,15.7,9.6,11.8,6.2,7.7,7.7,0.0,14.0,2024-02-27T07:47,2024-02-27T18:55,21776.11,40065.2,22.9,47.9,122,8.48,1.66,41.862915,12.801161,292.0,Europe/Rome
2024-02-28,61,18.0,9.7,15.5,7.7,10.2,10.2,0.0,12.0,2024-02-28T07:46,2024-02-28T18:56,23808.64,40231.82,18.4,38.5,109,10.26,2.09,41.862915,12.801161,292.0,Europe/Rome
2024-02-29,55,13.5,8.9,12.7,7.5,2.3,2.3,0.0,9.0,2024-02-29T07:44,2024-02-29T18:57,16175.53,40399.27,8.6,22.3,30,7.25,1.14,41.862915,12.801161,292.0,Europe/Rome
2024-03-01,53,12.5,6.5,9.8,4.6,2.4,2.4,0.0,11.0,2024-03-01T07:42,2024-03-01T18:59,15930.89,40567.4,17.2,37.4,133,8.52,1.2,41.862915,12.801161,292.0,Europe/Rome
2024-03-02,63,14.5,7.9,13.5,5.2,7.8,7.8,0.0,16.0,2024-03-02T07:41,2024-03-02T19:00,24809.1,40736.1,13.4,27.0,133,8.97,1.35,41.862915,12.801161,292.0,Europe/Rome
2024-03-03,55,15.1,6.8,10.7,4.2,2.2,2.2,0.0,3.0,2024-03-03T07:39,2024-03-03T19:01,31966.54,40905.23,25.4,54.0,130,12.76,2.13,41.862915,12.801161,292.0,Europe/Rome
2024-03-04,63,12.3,6.4,10.9,3.6,16.8,16.8,0.0,15.0,2024-03-04T07:37,2024-03-04T19:02,30847.32,41074.69,14.8,33.1,157,12.6,1.69,41.862915,12.801161,292.0,Europe/Rome
2024-03-05,51,15.3,3.1,13.4,1.2,0.1,0.1,0.0,1.0,2024-03-05T07:36,2024-03-05T19:03,35933.2,41244.34,12.2,25.9,265,15.16,2.16,41.862915,12.801161,292.0,Europe/Rome
2024-03-06,55,12.0,3.1,8.4,0.7,2.5,2.5,0.0,7.0,2024-03-06T07:34,2024-03-06T19:05,35266.09,41414.06,16.7,39.2,209,13.06,1.69,41.862915,12.801161,292.0,Europe/Rome
2024-03-07,3,12.8,2.4,9.4,-0.0,0.0,0.0,0.0,0.0,2024-03-07T07:33,2024-03-07T19:06,38335.08,41583.74,15.5,34.9,300,16.69,2.19,41.862915,12.801161,292.0,Europe/Rome
2024-03-08,61,14.7,4.1,12.2,1.0,3.3,3.3,0.0,3.0,2024-03-08T07:31,2024-03-08T19:07,28800.0,41753.25,16.1,32.8,135,13.29,2.06,41.862915,12.801161,292.0,Europe/Rome
2024-03-09,63,13.6,7.6,11.5,4.5,14.5,14.5,0.0,16.0,2024-03-09T07:29,2024-03-09T19:08,21321.17,41922.47,18.5,37.8,127,8.58,1.41,41.862915,12.801161,292.0,Europe/Rome
2024-03-10,63,14.3,9.1,11.0,5.8,19.8,19.8,0.0,14.0,2024-03-10T07:28,2024-03-10T19:09,2541.29,42091.29,26.4,57.6,126,5.6,1.23,41.862915,12.801161,292.0,Europe/Rome
2024-03-11,63,13.4,7.2,11.4,5.4,25.7,25.7,0.0,18.0,2024-03-11T07:26,2024-03-11T19:10,25270.75,42259.59,12.7,29.2,151,11.08,1.56,41.862915,12.801161,292.0,Europe/Rome
2024-03-12,51,14.4,3.9,11.8,2.2,0.5,0.5,0.0,5.0,2024-03-12T07:24,2024-03-12T19:12,38718.13,42427.26,17.6,37.1,295,15.83,2.16,41.862915,12.801161,292.0,Europe/Rome
2024-03-13,3,15.7,3.4,13.3,0.7,0.0,0.0,0.0,0.0,2024-03-13T07:23,2024-03-13T19:13,37780.37,42594.33,12.4,27.0,257,14.37,2.18,41.862915,12.801161,292.0,Europe/Rome
2024-03-14,3,16.2,4.2,14.5,1.3,0.0,0.0,0.0,0.0,2024-03-14T07:21,2024-03-14T19:14,38891.79,42762.01,14.1,30.2,250,18.31,2.68,41.862915,12.801161,292.0,Europe/Rome
2024-03-15,51,16.3,5.2,14.7,3.2,0.1,0.1,0.0,1.0,2024-03-15T07:19,2024-03-15T19:15,33933.75,42930.52,10.9,25.9,242,16.07,2.38,41.862915,12.801161,292.0,Europe/Rome
2024-03-16,3,16.1,6.6,14.6,4.8,0.0,0.0,0.0,0.0,2024-03-16T07:18,2024-03-16T19:16,38995.07,43099.73,12.5,27.7,272,15.33,2.28,41.862915,12.801161,292.0,Europe/Rome
2024-03-17,3,18.0,6.0,17.3,4.0,0.0,0.0,0.0,0.0,2024-03-17T07:16,2024-03-17T19:17,33422.25,43269.55,12.2,26.6,237,17.05,2.64,41.862915,12.801161,292.0,Europe/Rome
2024-03-18,63,14.7,7.5,13.3,5.9,8.6,8.6,0.0,6.0,2024-03-18T07:14,2024-03-18T19:18,2231.78,43439.87,10.8,23.8,153,6.25,1.14,41.862915,12.801161,292.0,Europe/Rome
2024-03-19,53,17.9,10.2,17.8,9.6,0.7,0.7,0.0,3.0,2024-03-19T07:12,2024-03-19T19:19,35599.68,43610.58,9.2,20.5,313,15.31,2.43,41.862915,12.801161,292.0,Europe/Rome
2024-03-20,3,18.0,7.0,16.3,5.6,0.0,0.0,0.0,0.0,2024-03-20T07:11,2024-03-20T19:21,39624.3,43781.57,14.9,31.3,271,19.18,2.94,41.862915,12.801161,292.0,Europe/Rome
2024-03-21,3,17.8,7.5,16.7,6.1,0.0,0.0,0.0,0.0,2024-03-21T07:09,2024-03-21T19:22,40009.67,43952.75,15.9,33.8,283,19.7,2.97,41.862915,12.801161,292.0,Europe/Rome
2024-03-22,51,18.2,8.5,17.3,7.3,0.1,0.1,0.0,1.0,2024-03-22T07:07,2024-03-22T19:23,39869.02,44124.0,10.7,22.7,170,16.83,2.7,41.862915,12.801161,292.0,Europe/Rome
2024-03-23,3,18.3,8.9,18.0,7.6,0.0,0.0,0.0,0.0,2024-03-23T07:06,2024-03-23T19:24,40283.23,44295.21,15.3,36.0,200,19.43,2.94,41.862915,12.801161,292.0,Europe/Rome
2024-03-24,51,16.5,8.5,15.4,6.4,0.2,0.2,0.0,1.0,2024-03-24T07:04,2024-03-24T19:25,27365.46,44466.29,18.7,40.3,168,14.47,2.23,41.862915,12.801161,292.0,Europe/Rome
2024-03-25,61,17.5,4.5,15.7,2.3,2.0,2.0,0.0,2.0,2024-03-25T07:02,2024-03-25T19:26,30507.04,44637.13,14.1,31.7,151,18.15,2.87,41.862915,12.801161,292.0,Europe/Rome
2024-03-26,61,16.1,9.9,14.6,6.9,10.1,10.1,0.0,17.0,2024-03-26T07:00,2024-03-26T19:27,9399.0,44807.62,24.0,50.8,125,8.85,1.82,41.862915,12.801161,292.0,Europe/Rome
2024-03-27,63,13.8,7.3,12.3,5.5,16.3,16.3,0.0,14.0,2024-03-27T06:59,2024-03-27T19:28,5305.3,44977.64,24.4,51.5,158,3.88,0.66,41.862915,12.801161,292.0,Europe/Rome
2024-03-28,61,16.4,7.0,13.9,4.9,4.0,4.0,0.0,9.0,2024-03-28T06:57,2024-03-28T19:29,27327.21,45147.1,24.1,51.8,153,11.35,1.73,41.862915,12.801161,292.0,Europe/Rome
2024-03-29,3,21.1,10.4,19.0,8.6,0.0,0.0,0.0,0.0,2024-03-29T06:55,2024-03-29T19:31,35177.34,45315.89,24.5,50.8,126,18.91,3.78,41.862915,12.801161,292.0,Europe/Rome
2024-03-30,3,21.3,11.5,17.8,7.7,0.0,0.0,0.0,0.0,2024-03-30T06:53,2024-03-30T19:32,41925.18,45483.88,26.0,54.7,126,21.04,4.72,41.862915,12.801161,292.0,Europe/Rome
2024-03-31,3,20.7,13.2,19.5,9.8,0.0,0.0,0.0,0.0,2024-03-31T06:52,2024-03-31T19:33,36864.73,45650.97,24.1,50.8,131,15.71,3.36,41.862915,12.801161,292.0,Europe/Rome
2024-04-01,63,20.3,8.9,19.3,7.8,13.9,13.9,0.0,9.0,2024-04-01T06:50,2024-04-01T19:34,29880.22,45817.04,22.1,48.2,141,16.33,3.39,41.862915,12.801161,292.0,Europe/Rome
2024-04-02,53,15.9,8.0,14.0,6.6,3.8,3.8,0.0,14.0,2024-04-02T06:48,2024-04-02T19:35,41648.82,45982.12,15.0,33.1,201,17.22,2.52,41.862915,12.801161,292.0,Europe/Rome
2024-04-03,3,17.4,7.1,16.3,4.8,0.0,0.0,0.0,0.0,2024-04-03T06:47,2024-04-03T19:36,21598.81,46147.38,13.7,29.9,155,14.07,2.34,41.862915,12.801161,292.0,Europe/Rome
2024-04-04,3,18.8,7.6,18.6,5.9,0.0,0.0,0.0,0.0,2024-04-04T06:45,2024-04-04T19:37,42417.64,46312.98,13.7,30.6,253,21.64,3.38,41.862915,12.801161,292.0,Europe/Rome
2024-04-05,3,20.2,7.2,19.7,5.9,0.0,0.0,0.0,0.0,2024-04-05T06:43,2024-04-05T19:38,42515.6,46478.82,12.4,27.7,277,21.36,3.46,41.862915,12.801161,292.0,Europe/Rome
2024-04-06,3,21.3,8.5,20.9,7.2,0.0,0.0,0.0,0.0,2024-04-06T06:42,2024-04-06T19:39,42613.53,46644.81,12.6,27.7,273,22.68,3.79,41.862915,12.801161,292.0,Europe/Rome
2024-04-07,0,22.1,8.8,22.1,7.4,0.0,0.0,0.0,0.0,2024-04-07T06:40,2024-04-07T19:40,42731.48,46810.83,11.4,26.3,266,23.28,3.92,41.862915,12.801161,292.0,Europe/Rome
2024-04-08,3,24.3,11.5,27.2,10.5,0.0,0.0,0.0,0.0,2024-04-08T06:39,2024-04-08T19:42,38949.42,46976.79,9.4,22.7,213,21.46,3.83,41.862915,12.801161,292.0,Europe/Rome
2024-04-09,3,23.0,11.5,22.1,10.5,0.0,0.0,0.0,0.0,2024-04-09T06:37,2024-04-09T19:43,42906.22,47142.57,11.4,27.0,158,22.56,4.11,41.862915,12.801161,292.0,Europe/Rome
2024-04-10,53,16.1,8.7,14.7,7.3,0.8,0.8,0.0,2.0,2024-04-10T06:35,2024-04-10T19:44,38043.73,47308.06,14.8,33.8,204,20.8,3.09,41.862915,12.801161,292.0,Europe/Rome
2024-04-11,3,18.6,4.7,17.6,2.2,0.0,0.0,0.0,0.0,2024-04-11T06:34,2024-04-11T19:45,37034.56,47473.16,8.0,19.8,210,18.8,2.98,41.862915,12.801161,292.0,Europe/Rome
2024-04-12,3,24.4,9.6,26.4,8.5,0.0,0.0,0.0,0.0,2024-04-12T06:32,2024-04-12T19:46,43360.7,47637.75,10.2,24.5,243,22.53,4.12,41.862915,12.801161,292.0,Europe/Rome
2024-04-13,3,25.6,11.0,27.4,9.8,0.0,0.0,0.0,0.0,2024-04-13T06:30,2024-04-13T19:47,43362.04,47801.71,10.8,25.6,230,23.41,4.35,41.862915,12.801161,292.0,Europe/Rome
2024-04-14,0,26.3,13.3,27.1,12.5,0.0,0.0,0.0,0.0,2024-04-14T06:29,2024-04-14T19:48,43559.25,47964.94,11.7,26.6,240,23.82,4.55,41.862915,12.801161,292.0,Europe/Rome
2024-04-15,51,24.4,11.4,24.8,9.2,0.2,0.2,0.0,1.0,2024-04-15T06:27,2024-04-15T19:49,42757.1,48127.3,12.6,32.0,168,20.64,3.97,41.862915,12.801161,292.0,Europe/Rome
2024-04-16,51,20.4,12.1,19.1,10.0,0.2,0.2,0.0,2.0,2024-04-16T06:25,2024-04-16T19:50,43346.91,48288.69,21.1,46.1,178,23.83,4.09,41.862915,12.801161,292.0,Europe/Rome
2024-04-17,3,17.9,9.3,15.4,7.1,0.0,0.0,0.0,0.0,2024-04-17T06:24,2024-04-17T19:52,43053.46,48448.97,20.2,41.4,312,22.73,3.72,41.862915,12.801161,292.0,Europe/Rome
2024-04-18,63,16.6,4.9,15.0,1.8,15.2,15.2,0.0,9.0,2024-04-18T06:22,2024-04-18T19:53,43110.65,48608.02,13.8,31.0,129,21.84,3.19,41.862915,12.801161,292.0,Europe/Rome
2024-04-19,51,17.4,4.7,14.0,2.6,0.6,0.6,0.0,4.0,2024-04-19T06:21,2024-04-19T19:54,39664.69,48765.71,22.2,44.6,356,22.23,3.64,41.862915,12.801161,292.0,Europe/Rome
2024-04-20,63,16.1,4.1,15.8,0.8,5.1,5.1,0.0,3.0,2024-04-20T06:19,2024-04-20T19:55,38440.33,48921.91,15.1,35.6,107,17.46,2.71,41.862915,12.801161,292.0,Europe/Rome
2024-04-21,51,16.7,2.9,15.0,0.2,0.5,0.5,0.0,2.0,2024-04-21T06:18,2024-04-21T19:56,44162.89,49076.48,11.0,26.6,296,23.75,3.61,41.862915,12.801161,292.0,Europe/Rome
2024-04-22,53,15.4,7.1,11.8,4.1,1.5,1.5,0.0,4.0,2024-04-22T06:16,2024-04-22T19:57,32244.86,49229.43,22.5,47.9,150,16.93,2.69,41.862915,12.801161,292.0,Europe/Rome
2024-04-23,53,12.6,6.6,9.9,4.2,3.4,3.4,0.0,13.0,2024-04-23T06:15,2024-04-23T19:58,36726.41,49381.88,18.1,40.3,216,20.38,2.79,41.862915,12.801161,292.0,Europe/Rome
2024-04-24,63,12.6,5.1,10.7,2.4,7.8,7.8,0.0,13.0,2024-04-24T06:14,2024-04-24T19:59,39353.66,49533.99,11.5,28.4,158,18.1,2.44,41.862915,12.801161,292.0,Europe/Rome
2024-04-25,51,14.4,3.2,12.2,-0.1,1.0,1.0,0.0,8.0,2024-04-25T06:12,2024-04-25T20:00,42164.56,49685.66,13.6,31.3,134,19.26,2.66,41.862915,12.801161,292.0,Europe/Rome
2024-04-26,53,16.2,6.8,14.3,4.0,0.9,0.9,0.0,3.0,2024-04-26T06:11,2024-04-26T20:01,43476.35,49836.76,12.4,28.4,135,17.51,2.68,41.862915,12.801161,292.0,Europe/Rome
2024-04-27,51,20.1,7.7,18.8,5.3,0.3,0.3,0.0,3.0,2024-04-27T06:09,2024-04-27T20:03,44955.53,49987.18,14.8,34.6,142,24.57,4.09,41.862915,12.801161,292.0,Europe/Rome
2024-04-28,3,24.1,8.2,25.0,5.6,0.0,0.0,0.0,0.0,2024-04-28T06:08,2024-04-28T20:04,45207.48,50136.8,11.7,25.6,133,25.69,4.72,41.862915,12.801161,292.0,Europe/Rome
2024-04-29,3,26.1,10.4,25.7,9.1,0.0,0.0,0.0,0.0,2024-04-29T06:07,2024-04-29T20:05,40562.17,50285.49,10.6,25.9,131,24.31,4.64,41.862915,12.801161,292.0,Europe/Rome
2024-04-30,3,26.0,11.2,26.4,9.9,0.0,0.0,0.0,0.0,2024-04-30T06:05,2024-04-30T20:06,40383.16,50433.13,16.7,37.8,143,25.24,4.87,41.862915,12.801161,292.0,Europe/Rome
2024-05-01,63,18.0,12.5,16.2,11.5,14.6,14.6,0.0,15.0,2024-05-01T06:04,2024-05-01T20:07,9981.16,50579.59,22.9,52.9,147,9.15,1.81,41.862915,12.801161,292.0,Europe/Rome
2024-05-02,63,16.9,9.5,15.8,8.5,12.9,12.9,0.0,13.0,2024-05-02T06:03,2024-05-02T20:08,32693.47,50724.73,20.6,43.2,162,14.94,2.35,41.862915,12.801161,292.0,Europe/Rome
2024-05-03,63,16.1,9.4,15.1,8.0,11.7,11.7,0.0,21.0,2024-05-03T06:01,2024-05-03T20:09,38262.56,50868.43,18.9,40.3,221,18.76,2.65,41.862915,12.801161,292.0,Europe/Rome
2024-05-04,3,18.9,9.2,17.0,7.6,0.0,0.0,0.0,0.0,2024-05-04T06:00,2024-05-04T20:10,46733.29,51010.55,18.6,40.0,310,25.21,3.94,41.862915,12.801161,292.0,Europe/Rome
2024-05-05,3,20.7,8.6,20.8,7.1,0.0,0.0,0.0,0.0,2024-05-05T05:59,2024-05-05T20:11,45817.37,51150.94,13.6,31.3,275,25.39,4.16,41.862915,12.801161,292.0,Europe/Rome
2024-05-06,3,21.7,9.8,23.5,8.2,0.0,0.0,0.0,0.0,2024-05-06T05:57,2024-05-06T20:12,46872.34,51289.46,9.5,23.4,162,23.99,4.05,41.862915,12.801161,292.0,Europe/Rome
2024-05-07,61,20.8,10.8,20.7,9.4,3.3,3.3,0.0,7.0,2024-05-07T05:56,2024-05-07T20:13,34739.24,51425.96,14.8,34.2,146,18.5,3.18,41.862915,12.801161,292.0,Europe/Rome
2024-05-08,53,19.9,9.4,20.3,8.3,3.5,3.5,0.0,8.0,2024-05-08T05:55,2024-05-08T20:14,27106.11,51560.31,7.9,19.1,275,16.42,2.82,41.862915,12.801161,292.0,Europe/Rome
2024-05-09,3,22.9,11.2,25.2,10.6,0.0,0.0,0.0,0.0,2024-05-09T05:54,2024-05-09T20:16,34972.17,51692.34,9.2,23.8,101,20.83,3.65,41.862915,12.801161,292.0,Europe/Rome
2024-05-10,51,23.5,11.2,25.1,10.0,0.4,0.4,0.0,3.0,2024-05-10T05:53,2024-05-10T20:17,47496.47,51821.89,8.9,22.0,102,23.45,4.2,41.862915,12.801161,292.0,Europe/Rome
2024-05-11,3,23.3,10.0,22.9,8.8,0.0,0.0,0.0,0.0,2024-05-11T05:52,2024-05-11T20:18,48213.5,51948.82,16.7,34.9,234,25.7,4.6,41.862915,12.801161,292.0,Europe/Rome
2024-05-12,3,23.0,11.9,22.9,11.0,0.0,0.0,0.0,0.0,2024-05-12T05:51,2024-05-12T20:19,48436.44,52073.07,13.0,31.7,246,27.23,4.81,41.862915,12.801161,292.0,Europe/Rome
2024-05-13,51,22.4,11.6,23.0,10.7,0.2,0.2,0.0,2.0,2024-05-13T05:50,2024-05-13T20:20,40611.53,52195.66,8.7,23.0,285,23.01,4.1,41.862915,12.801161,292.0,Europe/Rome
2024-05-14,53,24.2,11.9,26.6,11.3,0.9,0.9,0.0,2.0,2024-05-14T05:49,2024-05-14T20:21,48586.14,52316.71,8.4,24.5,169,25.27,4.56,41.862915,12.801161,292.0,Europe/Rome
2024-05-15,3,25.4,12.9,26.2,12.1,0.0,0.0,0.0,0.0,2024-05-15T05:48,2024-05-15T20:22,43200.0,52436.11,19.4,43.6,144,25.66,4.87,41.862915,12.801161,292.0,Europe/Rome
2024-05-16,51,25.3,14.9,26.3,14.3,0.6,0.6,0.0,5.0,2024-05-16T05:47,2024-05-16T20:23,48886.57,52553.73,18.4,40.0,172,26.42,4.89,41.862915,12.801161,292.0,Europe/Rome
2024-05-17,3,23.8,13.0,23.5,12.7,0.0,0.0,0.0,0.0,2024-05-17T05:46,2024-05-17T20:24,48169.75,52669.48,12.8,30.2,225,27.86,5.03,41.862915,12.801161,292.0,Europe/Rome
2024-05-18,51,23.7,12.2,23.4,10.5,0.1,0.1,0.0,1.0,2024-05-18T05:45,2024-05-18T20:25,33669.82,52783.21,14.0,32.4,119,18.83,3.74,41.862915,12.801161,292.0,Europe/Rome
2024-05-19,61,21.5,14.0,23.0,14.0,4.5,4.5,0.0,7.0,2024-05-19T05:44,2024-05-19T20:26,18486.96,52894.8,8.9,18.0,119,11.61,2.2,41.862915,12.801161,292.0,Europe/Rome
2024-05-20,65,24.1,13.3,25.5,13.1,19.3,19.3,0.0,3.0,2024-05-20T05:43,2024-05-20T20:27,33750.68,53004.14,16.3,39.2,110,17.04,3.18,41.862915,12.801161,292.0,Europe/Rome
2024-05-21,61,21.4,14.3,22.0,14.2,7.4,7.4,0.0,17.0,2024-05-21T05:42,2024-05-21T20:28,33200.12,53111.1,16.2,36.7,221,19.08,3.17,41.862915,12.801161,292.0,Europe/Rome
2024-05-22,63,21.1,12.5,21.5,12.0,7.8,7.8,0.0,11.0,2024-05-22T05:42,2024-05-22T20:29,44414.0,53215.55,14.6,35.3,194,24.16,3.96,41.862915,12.801161,292.0,Europe/Rome
2024-05-23,51,22.0,11.5,21.8,10.9,0.7,0.7,0.0,4.0,2024-05-23T05:41,2024-05-23T20:29,48015.61,53317.34,14.1,32.0,207,26.91,4.62,41.862915,12.801161,292.0,Europe/Rome
2024-05-24,3,24.0,11.5,24.8,10.9,0.0,0.0,0.0,0.0,2024-05-24T05:40,2024-05-24T20:30,44920.48,53416.36,13.8,29.5,279,27.24,4.93,41.862915,12.801161,292.0,Europe/Rome
2024-05-25,51,21.2,12.6,21.0,12.1,1.0,1.0,0.0,5.0,2024-05-25T05:39,2024-05-25T20:31,41160.86,53512.47,14.9,32.4,268,19.62,3.51,41.862915,12.801161,292.0,Europe/Rome
2024-05-26,2,24.3,11.5,23.2,11.0,0.0,0.0,0.0,0.0,2024-05-26T05:39,2024-05-26T20:32,49822.47,53605.54,16.0,37.4,303,28.43,5.33,41.862915,12.801161,292.0,Europe/Rome
2024-05-27,51,24.8,12.5,25.1,11.9,0.5,0.5,0.0,3.0,2024-05-27T05:38,2024-05-27T20:33,49857.05,53695.41,11.7,27.7,230,25.48,4.74,41.862915,12.801161,292.0,Europe/Rome
2024-05-28,51,24.2,13.5,25.5,14.1,0.1,0.1,0.0,1.0,2024-05-28T05:37,2024-05-28T20:34,48101.29,53781.98,11.5,28.4,193,25.22,4.55,41.862915,12.801161,292.0,Europe/Rome
2024-05-29,51,23.8,14.0,25.1,14.3,0.6,0.6,0.0,5.0,2024-05-29T05:37,2024-05-29T20:35,46222.21,53865.09,10.4,24.5,259,22.98,4.17,41.862915,12.801161,292.0,Europe/Rome
2024-05-30,53,23.5,13.3,23.7,13.2,1.5,1.5,0.0,6.0,2024-05-30T05:36,2024-05-30T20:35,41500.27,53944.59,15.0,32.8,189,20.75,3.98,41.862915,12.801161,292.0,Europe/Rome
2024-05-31,53,22.0,14.6,20.8,14.6,2.2,2.2,0.0,9.0,2024-05-31T05:36,2024-05-31T20:36,39070.77,54020.36,21.7,47.2,196,24.81,4.44,41.862915,12.801161,292.0,Europe/Rome
2024-06-01,3,23.8,11.1,23.6,9.0,0.0,0.0,0.0,0.0,2024-06-01T05:35,2024-06-01T20:37,50001.35,54092.33,13.4,32.4,174,28.75,5.24,41.862915,12.801161,292.0,Europe/Rome
2024-06-02,63,20.6,13.7,21.1,13.3,14.2,14.2,0.0,8.0,2024-06-02T05:35,2024-06-02T20:38,29913.72,54161.11,10.0,28.1,130,14.25,2.53,41.862915,12.801161,292.0,Europe/Rome
2024-06-03,53,22.4,12.7,22.2,12.8,1.5,1.5,0.0,3.0,2024-06-03T05:35,2024-06-03T20:38,49436.87,54226.79,13.6,28.8,296,26.2,4.6,41.862915,12.801161,292.0,Europe/Rome
2024-06-04,3,24.0,11.3,24.1,10.4,0.0,0.0,0.0,0.0,2024-06-04T05:34,2024-06-04T20:39,50063.42,54289.3,15.0,31.3,279,25.78,4.79,41.862915,12.801161,292.0,Europe/Rome
2024-06-05,2,25.8,13.2,27.1,13.1,0.0,0.0,0.0,0.0,2024-06-05T05:34,2024-06-05T20:40,50079.95,54348.58,13.1,29.9,289,28.32,5.23,41.862915,12.801161,292.0,Europe/Rome
2024-06-06,0,28.7,14.8,29.0,15.3,0.0,0.0,0.0,0.0,2024-06-06T05:34,2024-06-06T20:40,50094.45,54404.58,16.2,33.5,281,28.89,5.85,41.862915,12.801161,292.0,Europe/Rome
2024-06-07,3,29.8,16.8,31.0,17.5,0.0,0.0,0.0,0.0,2024-06-07T05:33,2024-06-07T20:41,50106.95,54457.22,13.0,30.2,279,28.53,5.87,41.862915,12.801161,292.0,Europe/Rome
2024-06-08,3,32.8,18.0,33.2,18.7,0.0,0.0,0.0,0.0,2024-06-08T05:33,2024-06-08T20:42,50117.51,54506.45,14.5,32.0,277,28.63,6.26,41.862915,12.801161,292.0,Europe/Rome
2024-06-09,61,31.3,19.1,32.1,18.5,2.0,2.0,0.0,4.0,2024-06-09T05:33,2024-06-09T20:42,29830.26,54552.21,25.6,53.6,141,20.69,5.65,41.862915,12.801161,292.0,Europe/Rome
2024-06-10,51,25.9,16.8,26.3,17.5,0.8,0.8,0.0,4.0,2024-06-10T05:33,2024-06-10T20:43,47675.86,54594.44,16.9,37.4,203,22.4,4.51,41.862915,12.801161,292.0,Europe/Rome
2024-06-11,61,25.9,16.5,25.7,17.3,1.7,1.7,0.0,2.0,2024-06-11T05:33,2024-06-11T20:43,41138.51,54633.09,15.4,36.4,212,22.42,4.54,41.862915,12.801161,292.0,Europe/Rome
2024-06-12,61,26.2,15.2,26.7,16.4,4.4,4.4,0.0,4.0,2024-06-12T05:33,2024-06-12T20:44,50140.95,54668.09,14.7,33.5,231,28.6,5.52,41.862915,12.801161,292.0,Europe/Rome
2024-06-13,53,23.0,14.2,23.1,13.4,1.8,1.8,0.0,8.0,2024-06-13T05:33,2024-06-13T20:44,48745.61,54699.39,15.1,36.7,184,23.71,4.32,41.862915,12.801161,292.0,Europe/Rome
2024-06-14,2,26.0,13.5,25.9,13.8,0.0,0.0,0.0,0.0,2024-06-14T05:33,2024-06-14T20:45,50141.92,54726.94,14.1,31.0,288,29.3,5.66,41.862915,12.801161,292.0,Europe/Rome
2024-06-15,3,27.8,12.7,28.6,11.9,0.0,0.0,0.0,0.0,2024-06-15T05:33,2024-06-15T20:45,50139.87,54750.69,11.6,29.5,214,28.98,5.66,41.862915,12.801161,292.0,Europe/Rome
2024-06-16,3,28.9,15.9,30.6,15.7,0.0,0.0,0.0,0.0,2024-06-16T05:33,2024-06-16T20:46,50136.16,54770.59,14.5,33.5,192,28.3,5.73,41.862915,12.801161,292.0,Europe/Rome
2024-06-17,3,30.0,14.3,30.9,14.7,0.0,0.0,0.0,0.0,2024-06-17T05:33,2024-06-17T20:46,50130.84,54786.58,14.3,33.8,266,28.89,6.05,41.862915,12.801161,292.0,Europe/Rome
2024-06-18,1,34.3,16.6,36.0,16.5,0.0,0.0,0.0,0.0,2024-06-18T05:33,2024-06-18T20:46,50123.95,54798.63,12.2,30.6,182,29.06,6.41,41.862915,12.801161,292.0,Europe/Rome
2024-06-19,3,34.6,19.5,33.8,19.8,0.0,0.0,0.0,0.0,2024-06-19T05:33,2024-06-19T20:47,50115.55,54806.68,13.4,33.1,161,27.88,6.85,41.862915,12.801161,292.0,Europe/Rome
2024-06-20,3,39.3,21.9,40.0,21.6,0.0,0.0,0.0,0.0,2024-06-20T05:33,2024-06-20T20:47,50105.66,54810.7,8.7,24.1,270,27.93,6.59,41.862915,12.801161,292.0,Europe/Rome
2024-06-21,3,37.6,23.8,39.3,24.7,0.0,0.0,0.0,0.0,2024-06-21T05:33,2024-06-21T20:47,47850.53,54810.64,12.2,31.0,229,26.64,6.8,41.862915,12.801161,292.0,Europe/Rome
2024-06-22,0,31.3,19.3,31.6,20.8,0.0,0.0,0.0,0.0,2024-06-22T05:34,2024-06-22T20:47,50081.02,54806.46,18.4,41.8,276,29.51,6.39,41.862915,12.801161,292.0,Europe/Rome
2024-06-23,63,24.6,17.3,24.7,17.8,2.8,2.8,0.0,4.0,2024-06-23T05:34,2024-06-23T20:47,44993.24,54798.19,14.5,35.6,205,18.12,3.79,41.862915,12.801161,292.0,Europe/Rome
2024-06-24,61,23.9,16.3,23.5,16.0,7.9,7.9,0.0,12.0,2024-06-24T05:34,2024-06-24T20:47,42149.28,54785.88,19.2,45.7,155,18.62,3.77,41.862915,12.801161,292.0,Europe/Rome
2024-06-25,51,27.0,15.5,27.6,15.8,1.2,1.2,0.0,9.0,2024-06-25T05:35,2024-06-25T20:47,50028.63,54769.59,12.0,29.9,155,24.92,5.02,41.862915,12.801161,292.0,Europe/Rome
2024-06-26,51,27.0,16.8,28.0,17.7,0.9,0.9,0.0,6.0,2024-06-26T05:35,2024-06-26T20:47,50023.37,54749.38,17.2,38.2,270,26.63,5.4,41.862915,12.801161,292.0,Europe/Rome
2024-06-27,1,30.1,16.8,29.7,18.1,0.0,0.0,0.0,0.0,2024-06-27T05:35,2024-06-27T20:47,50000.02,54725.29,19.1,42.5,284,27.89,5.85,41.862915,12.801161,292.0,Europe/Rome
2024-06-28,0,33.4,18.3,34.1,20.1,0.0,0.0,0.0,0.0,2024-06-28T05:36,2024-06-28T20:47,49975.13,54697.4,15.8,36.4,281,28.79,6.53,41.862915,12.801161,292.0,Europe/Rome
2024-06-29,3,36.8,19.5,39.7,20.2,0.0,0.0,0.0,0.0,2024-06-29T05:36,2024-06-29T20:47,49932.73,54665.75,17.9,39.6,212,28.38,6.58,41.862915,12.801161,292.0,Europe/Rome
2024-06-30,1,32.7,21.4,34.1,22.3,0.0,0.0,0.0,0.0,2024-06-30T05:37,2024-06-30T20:47,49103.63,54630.42,17.8,41.0,191,28.8,6.88,41.862915,12.801161,292.0,Europe/Rome
2024-07-01,51,31.4,18.5,34.0,20.3,0.2,0.2,0.0,1.0,2024-07-01T05:37,2024-07-01T20:47,40181.23,54591.46,15.8,36.0,267,22.49,5.18,41.862915,12.801161,292.0,Europe/Rome
2024-07-02,61,29.8,19.3,30.4,22.0,3.5,3.5,0.0,6.0,2024-07-02T05:38,2024-07-02T20:47,49862.05,54548.95,17.0,38.9,308,25.96,5.92,41.862915,12.801161,292.0,Europe/Rome
2024-07-03,63,24.1,17.6,27.5,18.3,8.8,8.8,0.0,10.0,2024-07-03T05:38,2024-07-03T20:47,16434.46,54502.94,8.8,22.7,135,11.98,2.5,41.862915,12.801161,292.0,Europe/Rome
2024-07-04,51,28.0,16.1,28.9,17.8,0.1,0.1,0.0,1.0,2024-07-04T05:39,2024-07-04T20:47,49798.55,54453.51,14.8,32.8,289,26.76,5.28,41.862915,12.801161,292.0,Europe/Rome
2024-07-05,3,29.9,16.8,31.6,17.7,0.0,0.0,0.0,0.0,2024-07-05T05:40,2024-07-05T20:46,49765.36,54400.71,14.7,33.8,251,26.29,5.53,41.862915,12.801161,292.0,Europe/Rome
2024-07-06,0,30.4,17.1,31.6,18.0,0.0,0.0,0.0,0.0,2024-07-06T05:40,2024-07-06T20:46,49731.32,54344.63,13.8,34.2,175,29.18,6.21,41.862915,12.801161,292.0,Europe/Rome
2024-07-07,51,31.3,18.9,31.8,18.9,0.3,0.3,0.0,1.0,2024-07-07T05:41,2024-07-07T20:46,49696.48,54285.33,18.4,41.0,155,26.27,6.21,41.862915,12.801161,292.0,Europe/Rome
2024-07-08,2,32.7,19.3,34.9,21.2,0.0,0.0,0.0,0.0,2024-07-08T05:42,2024-07-08T20:45,49660.92,54222.87,14.4,33.1,291,27.54,5.96,41.862915,12.801161,292.0,Europe/Rome
2024-07-09,1,35.4,20.1,36.1,22.4,0.0,0.0,0.0,0.0,2024-07-09T05:42,2024-07-09T20:45,49624.71,54157.34,16.9,38.9,253,27.7,6.6,41.862915,12.801161,292.0,Europe/Rome
2024-07-10,3,36.9,20.4,37.2,21.6,0.0,0.0,0.0,0.0,2024-07-10T05:43,2024-07-10T20:44,49587.91,54088.79,18.4,41.4,262,28.38,7.15,41.862915,12.801161,292.0,Europe/Rome
2024-07-11,0,37.8,22.3,37.5,23.2,0.0,0.0,0.0,0.0,2024-07-11T05:44,2024-07-11T20:44,49550.56,54017.22,18.4,40.0,274,28.75,7.41,41.862915,12.801161,292.0,Europe/Rome
2024-07-12,0,35.7,22.3,36.6,22.1,0.0,0.0,0.0,0.0,2024-07-12T05:45,2024-07-12T20:43,49512.02,53941.97,15.4,36.4,248,28.74,7.14,41.862915,12.801161,292.0,Europe/Rome
2024-07-13,0,35.7,20.9,35.9,21.2,0.0,0.0,0.0,0.0,2024-07-13T05:45,2024-07-13T20:43,49472.0,53863.0,16.0,37.1,203,28.66,6.9,41.862915,12.801161,292.0,Europe/Rome
2024-07-14,3,35.9,20.8,37.1,22.3,0.0,0.0,0.0,0.0,2024-07-14T05:46,2024-07-14T20:42,49392.81,53780.44,13.2,31.7,279,26.71,6.58,41.862915,12.801161,292.0,Europe/Rome
2024-07-15,3,37.7,20.8,37.7,21.9,0.0,0.0,0.0,0.0,2024-07-15T05:47,2024-07-15T20:42,49348.24,53694.46,15.9,37.1,245,28.64,7.33,41.862915,12.801161,292.0,Europe/Rome
2024-07-16,1,36.5,21.1,36.6,21.1,0.0,0.0,0.0,0.0,2024-07-16T05:48,2024-07-16T20:41,49302.5,53605.18,18.8,42.5,262,27.98,7.05,41.862915,12.801161,292.0,Europe/Rome
2024-07-17,0,38.2,22.5,37.8,23.9,0.0,0.0,0.0,0.0,2024-07-17T05:49,2024-07-17T20:40,49255.66,53512.75,17.6,40.0,274,28.35,7.33,41.862915,12.801161,292.0,Europe/Rome
2024-07-18,0,36.7,20.9,38.1,20.6,0.0,0.0,0.0,0.0,2024-07-18T05:49,2024-07-18T20:40,49207.82,53417.3,15.0,36.0,241,28.12,7.04,41.862915,12.801161,292.0,Europe/Rome
2024-07-19,0,37.4,21.1,37.9,21.6,0.0,0.0,0.0,0.0,2024-07-19T05:50,2024-07-19T20:39,49159.05,53318.98,17.5,40.3,254,28.2,7.06,41.862915,12.801161,292.0,Europe/Rome
2024-07-20,2,34.0,22.0,36.5,24.5,0.0,0.0,0.0,0.0,2024-07-20T05:51,2024-07-20T20:38,49109.43,53217.93,17.7,40.3,237,27.19,6.66,41.862915,12.801161,292.0,Europe/Rome
2024-07-21,3,35.1,20.6,37.3,21.9,0.0,0.0,0.0,0.0,2024-07-21T05:52,2024-07-21T20:37,49059.05,53114.26,12.2,31.7,213,27.87,6.53,41.862915,12.801161,292.0,Europe/Rome
2024-07-22,51,33.2,23.0,30.4,24.2,0.7,0.7,0.0,5.0,2024-07-22T05:53,2024-07-22T20:36,33528.41,53008.12,26.1,55.8,123,20.35,5.92,41.862915,12.801161,292.0,Europe/Rome
2024-07-23,1,35.9,19.7,36.7,20.3,0.0,0.0,0.0,0.0,2024-07-23T05:54,2024-07-23T20:36,48956.3,52899.65,18.4,43.2,269,26.96,6.56,41.862915,12.801161,292.0,Europe/Rome
2024-07-24,3,35.3,23.6,36.2,25.8,0.0,0.0,0.0,0.0,2024-07-24T05:55,2024-07-24T20:35,48904.1,52788.96,17.3,39.6,266,26.49,6.54,41.862915,12.801161,292.0,Europe/Rome
2024-07-25,55,33.8,21.5,35.7,24.1,1.6,1.6,0.0,3.0,2024-07-25T05:56,2024-07-25T20:34,48663.41,52676.21,14.7,35.3,240,24.8,5.55,41.862915,12.801161,292.0,Europe/Rome
2024-07-26,1,34.5,21.0,36.1,22.3,0.0,0.0,0.0,0.0,2024-07-26T05:57,2024-07-26T20:33,48508.31,52561.49,14.7,33.5,233,25.71,6.16,41.862915,12.801161,292.0,Europe/Rome
2024-07-27,0,36.3,21.9,37.3,24.0,0.0,0.0,0.0,0.0,2024-07-27T05:58,2024-07-27T20:32,48356.73,52444.94,17.3,38.2,274,26.76,6.64,41.862915,12.801161,292.0,Europe/Rome
2024-07-28,0,36.9,23.1,37.2,24.0,0.0,0.0,0.0,0.0,2024-07-28T05:59,2024-07-28T20:31,48339.69,52326.68,17.6,39.6,264,27.24,6.92,41.862915,12.801161,292.0,Europe/Rome
2024-07-29,2,38.4,22.7,38.3,22.9,0.0,0.0,0.0,0.0,2024-07-29T06:00,2024-07-29T20:30,48193.3,52206.82,17.6,38.9,256,25.66,6.91,41.862915,12.801161,292.0,Europe/Rome
2024-07-30,1,37.2,22.7,38.1,24.4,0.0,0.0,0.0,0.0,2024-07-30T06:01,2024-07-30T20:29,48031.47,52085.5,19.2,42.1,240,26.33,6.55,41.862915,12.801161,292.0,Europe/Rome
2024-07-31,3,36.2,19.9,37.6,21.1,0.0,0.0,0.0,0.0,2024-07-31T06:02,2024-07-31T20:28,47955.91,51962.69,17.3,37.8,228,26.68,6.44,41.862915,12.801161,292.0,Europe/Rome
2024-08-01,1,36.1,21.1,37.7,21.5,0.0,0.0,0.0,0.0,2024-08-01T06:03,2024-08-01T20:27,47756.32,51837.4,15.7,36.4,242,26.02,6.54,41.862915,12.801161,292.0,Europe/Rome
2024-08-02,3,35.9,21.6,37.2,22.2,0.0,0.0,0.0,0.0,2024-08-02T06:04,2024-08-02T20:25,47558.93,51709.53,14.3,33.8,202,26.81,6.55,41.862915,12.801161,292.0,Europe/Rome
2024-08-03,61,35.0,22.0,36.8,22.8,3.2,3.2,0.0,3.0,2024-08-03T06:05,2024-08-03T20:24,37737.68,51579.23,14.8,43.2,151,21.83,5.08,41.862915,12.801161,292.0,Europe/Rome
2024-08-04,3,32.9,21.6,35.7,24.3,0.0,0.0,0.0,0.0,2024-08-04T06:06,2024-08-04T20:23,47058.91,51446.65,11.2,34.2,241,22.93,5.39,41.862915,12.801161,292.0,Europe/Rome
2024-08-05,51,33.0,21.4,35.7,23.0,0.7,0.7,0.0,4.0,2024-08-05T06:07,2024-08-05T20:22,45443.58,51311.95,11.6,32.4,207,22.87,5.3,41.862915,12.801161,292.0,Europe/Rome
2024-08-06,53,33.6,22.3,35.8,24.9,1.0,1.0,0.0,2.0,2024-08-06T06:08,2024-08-06T20:21,46797.2,51175.28,12.6,29.9,250,23.88,5.62,41.862915,12.801161,292.0,Europe/Rome
2024-08-07,3,34.2,21.1,35.7,24.7,0.0,0.0,0.0,0.0,2024-08-07T06:09,2024-08-07T20:19,46719.38,51036.77,15.7,35.3,263,24.24,5.8,41.862915,12.801161,292.0,Europe/Rome
2024-08-08,3,34.5,22.1,35.5,26.1,0.0,0.0,0.0,0.0,2024-08-08T06:10,2024-08-08T20:18,46336.11,50896.57,17.3,37.4,270,23.08,5.65,41.862915,12.801161,292.0,Europe/Rome
2024-08-09,2,34.7,21.3,36.1,23.6,0.0,0.0,0.0,0.0,2024-08-09T06:11,2024-08-09T20:17,46361.25,50754.81,17.0,38.2,256,22.97,5.68,41.862915,12.801161,292.0,Europe/Rome
2024-08-10,51,36.3,22.9,38.5,24.5,0.4,0.4,0.0,2.0,2024-08-10T06:12,2024-08-10T20:15,46188.8,50611.63,13.9,33.5,228,23.28,5.69,41.862915,12.801161,292.0,Europe/Rome
2024-08-11,3,36.4,23.0,38.2,24.8,0.0,0.0,0.0,0.0,2024-08-11T06:13,2024-08-11T20:14,46021.21,50467.16,17.9,39.6,233,24.0,6.19,41.862915,12.801161,292.0,Europe/Rome
2024-08-12,1,36.0,23.2,38.1,23.9,0.0,0.0,0.0,0.0,2024-08-12T06:14,2024-08-12T20:13,45946.38,50321.54,15.3,33.5,226,24.38,6.33,41.862915,12.801161,292.0,Europe/Rome
2024-08-13,53,35.7,24.4,37.4,25.9,0.7,0.7,0.0,1.0,2024-08-13T06:15,2024-08-13T20:11,45075.08,50174.87,14.0,31.3,242,19.77,4.83,41.862915,12.801161,292.0,Europe/Rome
2024-08-14,1,35.9,22.4,37.2,25.2,0.0,0.0,0.0,0.0,2024-08-14T06:16,2024-08-14T20:10,45711.37,50027.31,13.4,32.4,233,24.04,5.8,41.862915,12.801161,292.0,Europe/Rome
2024-08-15,53,36.3,22.7,37.9,24.9,1.1,1.1,0.0,2.0,2024-08-15T06:17,2024-08-15T20:08,44084.23,49878.96,10.0,30.2,204,21.86,5.03,41.862915,12.801161,292.0,Europe/Rome
2024-08-16,51,34.7,22.8,36.8,24.7,0.9,0.9,0.0,4.0,2024-08-16T06:18,2024-08-16T20:07,43629.97,49729.93,13.2,28.1,170,19.89,4.66,41.862915,12.801161,292.0,Europe/Rome
2024-08-17,61,31.7,22.6,34.7,25.9,2.7,2.7,0.0,4.0,2024-08-17T06:19,2024-08-17T20:05,43084.93,49580.36,8.4,27.7,249,20.75,4.56,41.862915,12.801161,292.0,Europe/Rome
2024-08-18,53,28.3,21.7,30.6,23.6,1.9,1.9,0.0,4.0,2024-08-18T06:20,2024-08-18T20:04,36128.82,49430.36,13.7,33.1,208,16.79,3.51,41.862915,12.801161,292.0,Europe/Rome
2024-08-19,63,27.4,18.2,31.0,20.6,8.7,8.7,0.0,9.0,2024-08-19T06:21,2024-08-19T20:02,44062.24,49280.02,10.4,28.4,129,21.31,4.13,41.862915,12.801161,292.0,Europe/Rome
2024-08-20,3,29.0,17.8,30.8,19.9,0.0,0.0,0.0,0.0,2024-08-20T06:22,2024-08-20T20:01,43093.16,49129.33,16.7,36.4,290,22.07,4.6,41.862915,12.801161,292.0,Europe/Rome
2024-08-21,1,31.5,20.2,31.4,23.5,0.0,0.0,0.0,0.0,2024-08-21T06:23,2024-08-21T19:59,44569.05,48977.21,18.3,39.6,276,23.03,5.0,41.862915,12.801161,292.0,Europe/Rome
2024-08-22,61,30.0,21.0,34.4,23.5,2.7,2.7,0.0,4.0,2024-08-22T06:24,2024-08-22T19:58,44045.89,48823.51,13.5,31.3,199,19.69,4.14,41.862915,12.801161,292.0,Europe/Rome
2024-08-23,53,33.0,21.7,35.0,24.5,0.5,0.5,0.0,1.0,2024-08-23T06:25,2024-08-23T19:56,44158.04,48668.36,9.4,24.8,206,21.22,4.69,41.862915,12.801161,292.0,Europe/Rome
2024-08-24,3,33.4,20.5,35.0,22.7,0.0,0.0,0.0,0.0,2024-08-24T06:26,2024-08-24T19:55,44025.15,48511.89,13.6,30.2,233,22.57,5.2,41.862915,12.801161,292.0,Europe/Rome
2024-08-25,0,34.2,19.4,35.8,21.7,0.0,0.0,0.0,0.0,2024-08-25T06:27,2024-08-25T19:53,44011.15,48354.21,16.9,37.1,269,24.22,5.29,41.862915,12.801161,292.0,Europe/Rome
2024-08-26,3,34.5,19.6,34.3,20.6,0.0,0.0,0.0,0.0,2024-08-26T06:28,2024-08-26T19:52,43560.71,48195.46,14.9,33.1,239,21.46,5.24,41.862915,12.801161,292.0,Europe/Rome
2024-08-27,53,32.5,21.5,33.8,22.1,1.0,1.0,0.0,2.0,2024-08-27T06:29,2024-08-27T19:50,42230.29,48035.75,11.9,31.7,146,18.32,4.45,41.862915,12.801161,292.0,Europe/Rome
2024-08-28,51,33.7,20.4,34.4,21.6,0.2,0.2,0.0,1.0,2024-08-28T06:30,2024-08-28T19:48,43360.4,47875.2,9.9,27.0,190,20.31,4.53,41.862915,12.801161,292.0,Europe/Rome
2024-08-29,3,34.1,19.5,35.1,20.1,0.0,0.0,0.0,0.0,2024-08-29T06:32,2024-08-29T19:47,43013.32,47713.91,11.8,29.2,197,20.56,4.59,41.862915,12.801161,292.0,Europe/Rome
2024-08-30,1,34.4,19.8,34.5,20.6,0.0,0.0,0.0,0.0,2024-08-30T06:33,2024-08-30T19:45,43273.46,47552.0,12.7,27.7,186,20.23,4.86,41.862915,12.801161,292.0,Europe/Rome
2024-08-31,3,36.4,20.7,35.6,21.3,0.0,0.0,0.0,0.0,2024-08-31T06:34,2024-08-31T19:43,43132.11,47389.57,19.9,47.2,199,21.48,5.3,41.862915,12.801161,292.0,Europe/Rome
2024-09-01,3,33.2,21.7,33.5,20.9,0.0,0.0,0.0,0.0,2024-09-01T06:35,2024-09-01T19:42,40602.21,47226.75,12.8,29.2,237,17.24,4.79,41.862915,12.801161,292.0,Europe/Rome
2024-09-02,51,31.9,21.8,31.5,21.9,0.4,0.4,0.0,3.0,2024-09-02T06:36,2024-09-02T19:40,22640.47,47063.62,12.1,29.2,214,14.27,3.8,41.862915,12.801161,292.0,Europe/Rome
2024-09-03,53,31.1,20.0,32.6,19.8,1.8,1.8,0.0,5.0,2024-09-03T06:37,2024-09-03T19:38,42953.15,46900.3,11.7,29.9,149,18.85,4.26,41.862915,12.801161,292.0,Europe/Rome
2024-09-04,55,30.7,18.5,33.2,19.8,2.4,2.4,0.0,3.0,2024-09-04T06:38,2024-09-04T19:37,38753.09,46736.89,9.7,30.6,155,19.12,3.91,41.862915,12.801161,292.0,Europe/Rome
2024-09-05,63,27.2,19.1,29.6,20.7,7.3,7.3,0.0,7.0,2024-09-05T06:39,2024-09-05T19:35,39600.0,46573.49,18.0,40.3,133,15.9,3.38,41.862915,12.801161,292.0,Europe/Rome
2024-09-06,51,29.6,18.0,30.1,19.1,0.1,0.1,0.0,1.0,2024-09-06T06:40,2024-09-06T19:33,41009.18,46410.2,12.6,28.1,165,17.09,3.61,41.862915,12.801161,292.0,Europe/Rome
2024-09-07,3,32.9,18.7,34.3,20.1,0.0,0.0,0.0,0.0,2024-09-07T06:41,2024-09-07T19:31,42713.51,46247.11,14.0,31.3,172,20.92,4.58,41.862915,12.801161,292.0,Europe/Rome
2024-09-08,3,33.4,20.9,33.7,21.8,0.0,0.0,0.0,0.0,2024-09-08T06:42,2024-09-08T19:30,31328.02,46084.33,22.5,46.8,142,17.43,5.34,41.862915,12.801161,292.0,Europe/Rome
2024-09-09,65,26.3,19.8,28.2,21.8,28.1,28.1,0.0,15.0,2024-09-09T06:43,2024-09-09T19:28,39600.0,45921.82,22.0,51.5,243,18.28,3.59,41.862915,12.801161,292.0,Europe/Rome
2024-09-10,0,28.6,17.3,27.7,18.5,0.0,0.0,0.0,0.0,2024-09-10T06:44,2024-09-10T19:26,42504.3,45758.48,18.1,37.4,302,20.12,4.34,41.862915,12.801161,292.0,Europe/Rome
2024-09-11,53,25.3,15.7,27.3,14.8,2.0,2.0,0.0,8.0,2024-09-11T06:45,2024-09-11T19:25,42341.99,45594.16,9.8,27.7,154,17.5,3.56,41.862915,12.801161,292.0,Europe/Rome
2024-09-12,65,21.5,16.6,21.2,16.7,25.4,25.4,0.0,18.0,2024-09-12T06:46,2024-09-12T19:23,7079.34,45428.96,17.3,41.0,169,7.97,1.6,41.862915,12.801161,292.0,Europe/Rome
2024-09-13,55,18.7,11.4,18.0,10.4,4.1,4.1,0.0,12.0,2024-09-13T06:47,2024-09-13T19:21,35050.44,45262.99,18.6,40.0,249,13.65,2.17,41.862915,12.801161,292.0,Europe/Rome
2024-09-14,3,19.7,9.5,17.0,8.2,0.0,0.0,0.0,0.0,2024-09-14T06:48,2024-09-14T19:19,40790.01,45096.36,19.1,40.7,292,18.94,3.45,41.862915,12.801161,292.0,Europe/Rome
2024-09-15,3,21.9,11.4,20.7,9.5,0.0,0.0,0.0,0.0,2024-09-15T06:49,2024-09-15T19:18,40033.96,44929.15,15.6,35.6,293,20.17,3.68,41.862915,12.801161,292.0,Europe/Rome
2024-09-16,63,22.5,12.6,23.4,11.5,4.6,4.6,0.0,3.0,2024-09-16T06:50,2024-09-16T19:16,41468.85,44761.49,10.0,22.0,133,17.85,3.19,41.862915,12.801161,292.0,Europe/Rome
2024-09-17,63,18.6,13.0,18.6,12.6,6.5,6.5,0.0,7.0,2024-09-17T06:51,2024-09-17T19:14,24610.98,44593.46,9.4,26.3,117,12.37,2.05,41.862915,12.801161,292.0,Europe/Rome
2024-09-18,63,20.6,11.9,21.5,11.5,9.3,9.3,0.0,8.0,2024-09-18T06:52,2024-09-18T19:12,35062.12,44425.18,9.1,24.1,126,13.29,2.29,41.862915,12.801161,292.0,Europe/Rome
2024-09-19,55,21.2,12.8,22.4,13.0,2.2,2.2,0.0,7.0,2024-09-19T06:53,2024-09-19T19:11,38762.75,44256.73,10.2,21.2,108,16.9,2.83,41.862915,12.801161,292.0,Europe/Rome
2024-09-20,3,23.0,11.1,23.6,10.1,0.0,0.0,0.0,0.0,2024-09-20T06:54,2024-09-20T19:09,40844.14,44088.23,7.3,16.2,149,18.18,3.17,41.862915,12.801161,292.0,Europe/Rome
2024-09-21,51,23.2,12.9,24.4,12.6,0.7,0.7,0.0,4.0,2024-09-21T06:55,2024-09-21T19:07,39706.22,43919.77,7.4,17.3,120,16.03,2.83,41.862915,12.801161,292.0,Europe/Rome
2024-09-22,53,23.7,14.4,24.7,14.2,0.8,0.8,0.0,2.0,2024-09-22T06:56,2024-09-22T19:05,21450.41,43751.44,9.5,22.3,129,13.55,2.58,41.862915,12.801161,292.0,Europe/Rome
2024-09-23,61,22.6,13.7,24.0,13.4,4.0,4.0,0.0,10.0,2024-09-23T06:57,2024-09-23T19:04,33601.3,43583.34,13.8,32.4,138,12.96,2.35,41.862915,12.801161,292.0,Europe/Rome
2024-09-24,63,22.5,14.8,24.2,15.4,10.7,10.7,0.0,15.0,2024-09-24T06:58,2024-09-24T19:02,36178.38,43415.58,10.5,22.3,137,14.72,2.58,41.862915,12.801161,292.0,Europe/Rome
2024-09-25,63,23.0,14.7,24.4,13.8,4.2,4.2,0.0,6.0,2024-09-25T06:59,2024-09-25T19:00,37832.38,43248.26,14.9,29.9,130,15.3,2.72,41.862915,12.801161,292.0,Europe/Rome
2024-09-26,51,24.1,14.6,24.5,14.1,0.1,0.1,0.0,1.0,2024-09-26T07:00,2024-09-26T18:58,38602.23,43081.46,20.0,41.4,142,15.18,2.85,41.862915,12.801161,292.0,Europe/Rome
2024-09-27,3,26.5,17.2,27.2,16.4,0.0,0.0,0.0,0.0,2024-09-27T07:02,2024-09-27T18:57,37668.02,42915.3,21.0,45.7,133,16.29,3.32,41.862915,12.801161,292.0,Europe/Rome
2024-09-28,65,22.3,13.8,22.0,14.6,15.3,15.3,0.0,15.0,2024-09-28T07:03,2024-09-28T18:55,26253.06,42749.87,15.7,34.6,184,13.95,2.5,41.862915,12.801161,292.0,Europe/Rome
2024-09-29,1,22.2,11.1,21.7,10.0,0.0,0.0,0.0,0.0,2024-09-29T07:04,2024-09-29T18:53,38733.36,42585.12,15.9,32.8,292,17.23,3.13,41.862915,12.801161,292.0,Europe/Rome
2024-09-30,1,21.3,10.6,20.6,9.4,0.0,0.0,0.0,0.0,2024-09-30T07:05,2024-09-30T18:52,38221.09,42419.91,13.3,29.9,254,17.27,3.0,41.862915,12.801161,292.0,Europe/Rome
2024-10-01,1,22.5,11.2,22.4,10.2,0.0,0.0,0.0,0.0,2024-10-01T07:06,2024-10-01T18:50,37734.37,42254.06,12.1,26.6,266,16.8,2.93,41.862915,12.801161,292.0,Europe/Rome
2024-10-02,3,22.6,12.6,21.9,11.6,0.0,0.0,0.0,0.0,2024-10-02T07:07,2024-10-02T18:48,32495.33,42087.68,18.0,38.5,146,12.18,2.32,41.862915,12.801161,292.0,Europe/Rome
2024-10-03,65,19.2,16.6,19.3,16.9,37.3,37.3,0.0,23.0,2024-10-03T07:08,2024-10-03T18:46,0.0,41920.88,21.7,45.0,131,2.97,0.71,41.862915,12.801161,292.0,Europe/Rome
2024-10-04,61,18.4,12.2,16.1,11.3,6.9,6.9,0.0,16.0,2024-10-04T07:09,2024-10-04T18:45,36256.72,41753.77,19.3,41.0,183,12.61,2.04,41.862915,12.801161,292.0,Europe/Rome
2024-10-05,61,18.0,11.5,17.8,10.2,4.3,4.3,0.0,10.0,2024-10-05T07:10,2024-10-05T18:43,32262.09,41586.46,11.5,22.7,140,11.7,1.82,41.862915,12.801161,292.0,Europe/Rome
2024-10-06,3,18.5,10.3,17.6,10.1,0.0,0.0,0.0,0.0,2024-10-06T07:11,2024-10-06T18:41,31742.76,41419.07,10.3,23.8,295,13.92,2.24,41.862915,12.801161,292.0,Europe/Rome
2024-10-07,3,22.2,11.0,22.1,9.8,0.0,0.0,0.0,0.0,2024-10-07T07:12,2024-10-07T18:40,28800.0,41251.7,11.0,22.7,132,11.85,2.29,41.862915,12.801161,292.0,Europe/Rome
2024-10-08,65,21.7,14.3,20.0,12.8,30.3,30.3,0.0,10.0,2024-10-08T07:13,2024-10-08T18:38,14663.48,41084.47,24.5,52.2,135,6.93,1.59,41.862915,12.801161,292.0,Europe/Rome
2024-10-09,63,22.0,13.6,21.7,12.9,8.2,8.2,0.0,8.0,2024-10-09T07:15,2024-10-09T18:36,30208.52,40917.5,11.7,25.6,134,11.01,2.04,41.862915,12.801161,292.0,Europe/Rome
2024-10-10,55,23.2,15.1,22.2,15.2,2.7,2.7,0.0,6.0,2024-10-10T07:16,2024-10-10T18:35,29386.91,40750.89,23.8,49.0,146,9.66,2.02,41.862915,12.801161,292.0,Europe/Rome
2024-10-11,3,21.3,13.1,21.6,13.0,0.0,0.0,0.0,0.0,2024-10-11T07:17,2024-10-11T18:33,36174.64,40584.78,10.8,24.1,119,13.89,2.36,41.862915,12.801161,292.0,Europe/Rome
2024-10-12,3,21.4,9.6,21.9,7.9,0.0,0.0,0.0,0.0,2024-10-12T07:18,2024-10-12T18:31,36097.46,40419.27,9.2,17.3,135,15.54,2.63,41.862915,12.801161,292.0,Europe/Rome
2024-10-13,3,21.3,11.9,20.0,11.0,0.0,0.0,0.0,0.0,2024-10-13T07:19,2024-10-13T18:30,36028.32,40254.48,9.5,22.3,291,14.91,2.58,41.862915,12.801161,292.0,Europe/Rome
2024-10-14,3,22.7,11.8,23.4,11.0,0.0,0.0,0.0,0.0,2024-10-14T07:20,2024-10-14T18:28,36033.79,40090.55,9.1,20.2,286,14.52,2.51,41.862915,12.801161,292.0,Europe/Rome
2024-10-15,3,24.8,13.7,26.3,13.8,0.0,0.0,0.0,0.0,2024-10-15T07:21,2024-10-15T18:27,35948.48,39927.58,6.4,17.3,329,14.25,2.54,41.862915,12.801161,292.0,Europe/Rome
2024-10-16,3,23.1,15.2,25.6,15.5,0.0,0.0,0.0,0.0,2024-10-16T07:22,2024-10-16T18:25,2011.32,39765.71,9.4,20.2,128,6.25,1.29,41.862915,12.801161,292.0,Europe/Rome
2024-10-17,61,23.5,16.3,23.9,16.4,3.1,3.1,0.0,3.0,2024-10-17T07:24,2024-10-17T18:23,27962.94,39605.07,16.4,36.0,125,9.01,1.75,41.862915,12.801161,292.0,Europe/Rome
2024-10-18,63,21.9,16.0,23.4,15.6,14.5,14.5,0.0,15.0,2024-10-18T07:25,2024-10-18T18:22,17118.95,39445.79,14.5,32.0,131,8.4,1.55,41.862915,12.801161,292.0,Europe/Rome
2024-10-19,61,18.7,15.2,19.1,15.5,15.3,15.3,0.0,18.0,2024-10-19T07:26,2024-10-19T18:21,0.0,39287.82,13.7,31.0,142,3.3,0.66,41.862915,12.801161,292.0,Europe/Rome
2024-10-20,61,21.0,12.5,21.9,13.1,3.1,3.1,0.0,4.0,2024-10-20T07:27,2024-10-20T18:19,24458.54,39129.91,7.2,19.8,135,7.69,1.39,41.862915,12.801161,292.0,Europe/Rome
2024-10-21,51,23.9,13.6,24.6,13.7,0.3,0.3,0.0,2.0,2024-10-21T07:28,2024-10-21T18:18,35385.63,38971.84,7.3,24.8,130,12.31,2.16,41.862915,12.801161,292.0,Europe/Rome
2024-10-22,63,22.3,14.8,23.5,15.2,5.4,5.4,0.0,7.0,2024-10-22T07:29,2024-10-22T18:16,34287.54,38813.75,8.8,22.7,128,9.61,1.7,41.862915,12.801161,292.0,Europe/Rome
2024-10-23,63,20.8,14.4,22.6,15.0,17.2,17.2,0.0,12.0,2024-10-23T07:31,2024-10-23T18:15,2325.94,38655.79,7.3,19.4,123,4.5,0.91,41.862915,12.801161,292.0,Europe/Rome
2024-10-24,63,21.3,15.1,22.9,15.8,14.4,14.4,0.0,9.0,2024-10-24T07:32,2024-10-24T18:13,21512.73,38498.07,9.7,25.2,126,8.55,1.45,41.862915,12.801161,292.0,Europe/Rome
2024-10-25,65,22.1,14.8,23.8,15.4,20.0,20.0,0.0,9.0,2024-10-25T07:33,2024-10-25T18:12,27048.6,38340.76,9.4,20.5,126,9.44,1.65,41.862915,12.801161,292.0,Europe/Rome
2024-10-26,51,22.6,14.0,23.4,14.1,0.6,0.6,0.0,4.0,2024-10-26T07:34,2024-10-26T18:10,32234.48,38183.97,8.7,24.1,132,11.5,1.99,41.862915,12.801161,292.0,Europe/Rome
2024-10-27,51,21.5,12.9,21.4,12.5,0.1,0.1,0.0,1.0,2024-10-27T07:35,2024-10-27T18:09,34602.25,38027.87,11.2,25.6,133,11.26,1.9,41.862915,12.801161,292.0,Europe/Rome
2024-10-28,3,22.2,11.4,23.0,10.8,0.0,0.0,0.0,0.0,2024-10-28T07:37,2024-10-28T18:08,34437.39,37872.59,6.8,15.8,108,11.97,2.0,41.862915,12.801161,292.0,Europe/Rome
2024-10-29,3,21.5,11.9,22.3,11.3,0.0,0.0,0.0,0.0,2024-10-29T07:38,2024-10-29T18:06,34273.33,37718.28,8.6,20.2,155,11.84,1.95,41.862915,12.801161,292.0,Europe/Rome
2024-10-30,2,20.8,10.3,21.0,9.7,0.0,0.0,0.0,0.0,2024-10-30T07:39,2024-10-30T18:05,34110.23,37565.1,8.5,19.8,161,12.14,1.93,41.862915,12.801161,292.0,Europe/Rome
2024-10-31,1,21.1,9.7,21.5,8.4,0.0,0.0,0.0,0.0,2024-10-31T07:40,2024-10-31T18:04,33948.26,37413.2,8.1,15.8,106,12.01,1.94,41.862915,12.801161,292.0,Europe/Rome
2024-11-01,1,21.2,9.6,21.1,8.1,0.0,0.0,0.0,0.0,2024-11-01T07:41,2024-11-01T18:02,33787.6,37262.74,9.7,22.0,123,12.13,1.98,41.862915,12.801161,292.0,Europe/Rome
2024-11-02,2,19.2,9.6,18.5,8.2,0.0,0.0,0.0,0.0,2024-11-02T07:43,2024-11-02T18:01,33628.41,37113.88,9.4,20.5,211,12.05,1.88,41.862915,12.801161,292.0,Europe/Rome
2024-11-03,3,20.8,8.3,21.0,6.3,0.0,0.0,0.0,0.0,2024-11-03T07:44,2024-11-03T18:00,33470.91,36966.79,8.1,15.8,115,11.72,1.89,41.862915,12.801161,292.0,Europe/Rome
2024-11-04,1,19.4,10.9,19.6,9.7,0.0,0.0,0.0,0.0,2024-11-04T07:45,2024-11-04T17:59,32957.26,36821.64,8.1,18.7,113,11.23,1.77,41.862915,12.801161,292.0,Europe/Rome
2024-11-05,3,19.1,10.4,19.4,9.3,0.0,0.0,0.0,0.0,2024-11-05T07:46,2024-11-05T17:57,30962.91,36678.59,7.8,17.6,113,10.54,1.64,41.862915,12.801161,292.0,Europe/Rome
2024-11-06,2,19.0,8.3,19.3,6.8,0.0,0.0,0.0,0.0,2024-11-06T07:48,2024-11-06T17:56,32754.15,36537.82,8.0,16.9,105,11.13,1.67,41.862915,12.801161,292.0,Europe/Rome
2024-11-07,3,19.4,7.1,18.7,4.8,0.0,0.0,0.0,0.0,2024-11-07T07:49,2024-11-07T17:55,31581.47,36399.52,9.4,19.4,117,10.26,1.61,41.862915,12.801161,292.0,Europe/Rome
2024-11-08,3,19.5,8.2,19.3,6.2,0.0,0.0,0.0,0.0,2024-11-08T07:50,2024-11-08T17:54,31622.96,36263.68,8.8,18.7,120,9.98,1.57,41.862915,12.801161,292.0,Europe/Rome
2024-11-09,3,18.2,10.3,17.9,9.2,0.0,0.0,0.0,0.0,2024-11-09T07:51,2024-11-09T17:53,23094.82,36128.99,7.1,15.1,119,7.43,1.21,41.862915,12.801161,292.0,Europe/Rome
2024-11-10,3,18.4,9.0,18.1,7.4,0.0,0.0,0.0,0.0,2024-11-10T07:52,2024-11-10T17:52,30518.97,35995.25,8.0,16.9,122,9.41,1.45,41.862915,12.801161,292.0,Europe/Rome
2024-11-11,3,17.0,7.5,16.3,5.7,0.0,0.0,0.0,0.0,2024-11-11T07:54,2024-11-11T17:51,31486.52,35862.61,7.5,15.1,95,9.96,1.47,41.862915,12.801161,292.0,Europe/Rome
2024-11-12,3,16.7,6.7,14.6,4.1,0.0,0.0,0.0,0.0,2024-11-12T07:55,2024-11-12T17:50,31805.35,35731.22,8.9,17.6,112,10.52,1.6,41.862915,12.801161,292.0,Europe/Rome
2024-11-13,53,13.7,5.3,12.8,2.6,1.0,1.0,0.0,3.0,2024-11-13T07:56,2024-11-13T17:49,141.85,35601.25,8.5,18.0,121,3.96,0.72,41.862915,12.801161,292.0,Europe/Rome
2024-11-14,51,12.6,3.6,11.7,1.7,0.1,0.1,0.0,1.0,2024-11-14T07:57,2024-11-14T17:48,10742.73,35472.84,7.1,17.6,287,5.45,0.77,41.862915,12.801161,292.0,Europe/Rome
2024-11-15,3,13.9,1.5,11.9,-1.0,0.0,0.0,0.0,0.0,2024-11-15T07:58,2024-11-15T17:47,31222.13,35346.16,8.3,18.0,139,10.24,1.34,41.862915,12.801161,292.0,Europe/Rome
2024-11-16,0,15.0,1.5,13.8,-1.2,0.0,0.0,0.0,0.0,2024-11-16T08:00,2024-11-16T17:47,31040.37,35221.38,6.6,15.8,112,10.04,1.34,41.862915,12.801161,292.0,Europe/Rome
2024-11-17,3,14.7,4.7,12.9,2.6,0.0,0.0,0.0,0.0,2024-11-17T08:01,2024-11-17T17:46,30865.25,35098.66,9.2,17.3,125,9.94,1.35,41.862915,12.801161,292.0,Europe/Rome
2024-11-18,51,16.2,9.4,15.2,7.5,1.1,1.1,0.0,6.0,2024-11-18T08:02,2024-11-18T17:45,22632.25,34978.17,12.9,26.6,120,6.2,0.97,41.862915,12.801161,292.0,Europe/Rome
2024-11-19,53,16.7,10.2,15.9,8.8,2.9,2.9,0.0,13.0,2024-11-19T08:03,2024-11-19T17:44,22664.54,34860.09,11.5,23.4,133,6.49,1.0,41.862915,12.801161,292.0,Europe/Rome
2024-11-20,55,17.0,10.3,15.5,7.5,3.6,3.6,0.0,16.0,2024-11-20T08:05,2024-11-20T17:44,4915.24,34744.59,24.2,47.5,258,3.34,0.87,41.862915,12.801161,292.0,Europe/Rome
2024-11-21,63,14.2,5.8,11.3,4.1,4.6,4.6,0.0,5.0,2024-11-21T08:06,2024-11-21T17:43,27186.27,34631.85,10.4,33.1,164,8.69,1.4,41.862915,12.801161,292.0,Europe/Rome
2024-11-22,63,14.2,4.9,12.5,2.2,17.3,17.3,0.0,15.0,2024-11-22T08:07,2024-11-22T17:42,11541.2,34522.05,29.9,59.4,246,3.84,0.89,41.862915,12.801161,292.0,Europe/Rome
2024-11-23,1,11.1,1.2,8.0,-2.2,0.0,0.0,0.0,0.0,2024-11-23T08:08,2024-11-23T17:42,30265.59,34415.38,6.5,14.8,309,9.89,1.22,41.862915,12.801161,292.0,Europe/Rome
2024-11-24,2,13.4,1.6,10.9,-1.8,0.0,0.0,0.0,0.0,2024-11-24T08:09,2024-11-24T17:41,29859.42,34312.03,8.0,15.5,134,9.4,1.33,41.862915,12.801161,292.0,Europe/Rome
2024-11-25,51,12.4,3.8,10.6,0.6,1.0,1.0,0.0,5.0,2024-11-25T08:10,2024-11-25T17:40,1472.09,34212.18,12.2,23.8,124,2.15,0.64,41.862915,12.801161,292.0,Europe/Rome
2024-11-26,51,17.8,9.2,16.6,7.3,0.1,0.1,0.0,1.0,2024-11-26T08:11,2024-11-26T17:40,28577.92,34116.02,12.3,26.6,125,6.65,1.04,41.862915,12.801161,292.0,Europe/Rome
2024-11-27,51,17.7,8.8,16.7,6.9,0.5,0.5,0.0,3.0,2024-11-27T08:13,2024-11-27T17:40,29000.34,34023.75,11.8,26.6,125,7.29,1.14,41.862915,12.801161,292.0,Europe/Rome
2024-11-28,51,16.6,8.7,16.3,7.0,1.4,1.4,0.0,8.0,2024-11-28T08:14,2024-11-28T17:39,28204.67,33935.41,8.8,18.7,144,6.99,1.02,41.862915,12.801161,292.0,Europe/Rome
2024-11-29,51,16.2,4.1,15.0,1.5,0.3,0.3,0.0,3.0,2024-11-29T08:15,2024-11-29T17:39,28847.55,33850.01,8.8,20.9,104,7.75,1.13,41.862915,12.801161,292.0,Europe/Rome
2024-11-30,2,11.7,2.6,7.0,0.3,0.0,0.0,0.0,0.0,2024-11-30T08:16,2024-11-30T17:38,29101.6,33767.39,19.0,40.0,344,8.56,1.4,41.862915,12.801161,292.0,Europe/Rome
2024-12-01,3,12.9,2.3,10.9,-0.0,0.0,0.0,0.0,0.0,2024-12-01T08:17,2024-12-01T17:38,28803.74,33687.67,7.5,17.6,285,8.45,1.06,41.862915,12.801161,292.0,Europe/Rome
2024-12-02,0,14.0,2.4,12.3,-0.1,0.0,0.0,0.0,0.0,2024-12-02T08:18,2024-12-02T17:38,28972.57,33610.93,5.8,13.3,125,8.41,1.09,41.862915,12.801161,292.0,Europe/Rome
2024-12-03,63,13.8,3.6,12.4,1.2,10.6,10.6,0.0,7.0,2024-12-03T08:19,2024-12-03T17:38,28800.0,33537.3,12.4,23.8,122,7.25,0.97,41.862915,12.801161,292.0,Europe/Rome
2024-12-04,3,13.3,7.0,11.8,4.3,0.0,0.0,0.0,0.0,2024-12-04T08:20,2024-12-04T17:38,20656.94,33466.88,13.5,27.4,109,5.61,0.81,41.862915,12.801161,292.0,Europe/Rome
2024-12-05,3,14.5,3.1,12.0,0.8,0.0,0.0,0.0,0.0,2024-12-05T08:21,2024-12-05T17:37,28852.93,33399.78,7.2,18.4,30,8.27,1.1,41.862915,12.801161,292.0,Europe/Rome
2024-12-06,3,12.3,1.2,10.7,-1.4,0.0,0.0,0.0,0.0,2024-12-06T08:22,2024-12-06T17:37,17464.88,33336.11,8.8,17.3,133,6.4,0.92,41.862915,12.801161,292.0,Europe/Rome
2024-12-07,3,13.9,3.1,12.1,1.0,0.0,0.0,0.0,0.0,2024-12-07T08:23,2024-12-07T17:37,28807.85,33275.98,16.1,31.7,134,8.06,1.05,41.862915,12.801161,292.0,Europe/Rome
2024-12-08,63,9.6,5.1,7.2,1.9,26.9,26.9,0.0,16.0,2024-12-08T08:24,2024-12-08T17:37,24310.27,33219.5,24.5,58.7,130,5.51,0.72,41.862915,12.801161,292.0,Europe/Rome
2024-12-09,61,10.7,4.4,8.1,1.7,3.5,3.5,0.0,11.0,2024-12-09T08:24,2024-12-09T17:37,28800.0,33166.77,12.2,29.9,123,6.69,0.82,41.862915,12.801161,292.0,Europe/Rome
2024-12-10,55,12.1,4.4,9.7,1.0,1.8,1.8,0.0,4.0,2024-12-10T08:25,2024-12-10T17:37,26150.53,33117.91,14.6,29.2,126,5.76,0.77,41.862915,12.801161,292.0,Europe/Rome
2024-12-11,61,12.3,4.6,10.4,2.0,5.2,5.2,0.0,6.0,2024-12-11T08:26,2024-12-11T17:37,28800.0,33073.02,9.9,21.6,124,6.37,0.82,41.862915,12.801161,292.0,Europe/Rome
2024-12-12,3,13.0,2.7,11.3,-0.3,0.0,0.0,0.0,0.0,2024-12-12T08:27,2024-12-12T17:38,27144.91,33032.2,8.8,18.4,117,7.53,0.97,41.862915,12.801161,292.0,Europe/Rome
2024-12-13,61,13.4,3.2,10.5,0.0,9.9,9.9,0.0,9.0,2024-12-13T08:28,2024-12-13T17:38,12224.1,32995.57,22.2,44.6,123,4.11,1.04,41.862915,12.801161,292.0,Europe/Rome
2024-12-14,51,12.6,5.9,11.4,4.3,0.6,0.6,0.0,6.0,2024-12-14T08:29,2024-12-14T17:38,22896.69,32963.22,10.0,27.0,149,5.14,0.67,41.862915,12.801161,292.0,Europe/Rome
2024-12-15,3,11.6,2.2,9.2,-0.5,0.0,0.0,0.0,0.0,2024-12-15T08:29,2024-12-15T17:38,28684.85,32935.25,11.4,24.5,216,7.6,0.87,41.862915,12.801161,292.0,Europe/Rome
2024-12-16,0,12.7,0.7,10.6,-2.2,0.0,0.0,0.0,0.0,2024-12-16T08:30,2024-12-16T17:38,28683.26,32911.77,7.8,15.5,136,7.98,0.99,41.862915,12.801161,292.0,Europe/Rome
2024-12-17,0,13.3,3.3,10.9,1.0,0.0,0.0,0.0,0.0,2024-12-17T08:31,2024-12-17T17:39,28687.57,32892.88,7.2,18.4,231,8.03,1.06,41.862915,12.801161,292.0,Europe/Rome
2024-12-18,3,11.2,2.9,9.1,0.5,0.0,0.0,0.0,0.0,2024-12-18T08:31,2024-12-18T17:39,28610.75,32878.62,7.2,18.7,228,7.41,0.89,41.862915,12.801161,292.0,Europe/Rome
2024-12-19,3,13.7,2.5,11.8,-0.1,0.0,0.0,0.0,0.0,2024-12-19T08:32,2024-12-19T17:39,26711.67,32868.83,15.1,33.1,139,6.5,0.98,41.862915,12.801161,292.0,Europe/Rome
2024-12-20,61,11.0,3.5,9.6,-0.3,3.3,3.3,0.0,9.0,2024-12-20T08:32,2024-12-20T17:40,26184.51,32863.39,17.5,36.7,210,6.14,0.94,41.862915,12.801161,292.0,Europe/Rome
2024-12-21,1,10.7,0.1,7.1,-2.7,0.0,0.0,0.0,0.0,2024-12-21T08:33,2024-12-21T17:40,28619.4,32862.31,17.5,35.6,300,7.92,1.0,41.862915,12.801161,292.0,Europe/Rome
2024-12-22,63,10.4,-1.9,7.3,-5.2,10.1,10.1,0.0,7.0,2024-12-22T08:33,2024-12-22T17:41,17639.71,32865.52,16.4,34.9,136,5.03,0.79,41.862915,12.801161,292.0,Europe/Rome
2024-12-23,63,9.7,1.6,7.2,-3.2,5.6,5.6,0.0,8.0,2024-12-23T08:34,2024-12-23T17:41,21455.26,32872.99,26.5,55.8,311,6.12,1.0,41.862915,12.801161,292.0,Europe/Rome
2024-12-24,3,8.8,1.6,3.6,-3.0,0.0,0.0,0.0,0.0,2024-12-24T08:34,2024-12-24T17:42,25107.76,32884.68,22.9,46.8,319,6.16,1.45,41.862915,12.801161,292.0,Europe/Rome
2024-12-25,3,11.5,0.8,7.9,-2.2,0.0,0.0,0.0,0.0,2024-12-25T08:34,2024-12-25T17:43,28544.4,32900.55,19.0,39.2,303,7.72,1.06,41.862915,12.801161,292.0,Europe/Rome
2024-12-26,3,11.9,2.7,9.8,0.1,0.0,0.0,0.0,0.0,2024-12-26T08:35,2024-12-26T17:43,25905.8,32920.55,7.4,15.5,15,6.75,0.86,41.862915,12.801161,292.0,Europe/Rome
2024-12-27,1,13.0,0.9,11.3,-2.1,0.0,0.0,0.0,0.0,2024-12-27T08:35,2024-12-27T17:44,28658.73,32944.64,9.5,19.4,122,8.01,0.98,41.862915,12.801161,292.0,Europe/Rome
2024-12-28,2,13.9,0.7,12.3,-2.1,0.0,0.0,0.0,0.0,2024-12-28T08:35,2024-12-28T17:45,28656.27,32972.77,7.5,14.4,136,8.09,1.02,41.862915,12.801161,292.0,Europe/Rome
2024-12-29,1,14.3,2.1,13.0,-0.8,0.0,0.0,0.0,0.0,2024-12-29T08:35,2024-12-29T17:46,28732.82,33004.88,8.2,15.5,121,8.17,1.05,41.862915,12.801161,292.0,Europe/Rome
2024-12-30,3,14.2,2.7,13.4,-0.1,0.0,0.0,0.0,0.0,2024-12-30T08:36,2024-12-30T17:46,28738.13,33040.93,7.5,14.4,130,8.17,1.04,41.862915,12.801161,292.0,Europe/Rome
2024-12-31,3,13.4,2.6,12.5,-0.2,0.0,0.0,0.0,0.0,2024-12-31T08:36,2024-12-31T17:47,28745.49,33080.86,7.7,15.5,140,7.75,0.98,41.862915,12.801161,292.0,Europe/Rome
